<?xml version="1.0" encoding="UTF-8" standalone="yes"?>
<addon id="plugin.program.Tom20" name="Tom 20" version="8.0.3" provider-name="Tom">
    <requires>
        <import addon="xbmc.python" version="3.0.0" />
        <import addon="script.module.requests" />
        <import addon="script.module.six" />
        <import addon="script.speedtester" optional="true" version="1.1.2" />
    </requires>
    
    <extension point="xbmc.python.pluginsource" library="default.py">
        <provides>executable</provides>
    </extension>
    
    <extension point="xbmc.service" library="startup.py" start="startup" />
    
    <extension point="xbmc.addon.metadata">
        <summary lang="en">[COLOR white]Tom[/COLOR]</summary>
        <description lang="en">[COLOR white]Welcome to the Build of The Tom[/COLOR]</description>
        <platform>all</platform>
        <reuselanguageinvoker>false</reuselanguageinvoker>
        <source>https://www.github.com/a4k-openproject/plugin.program.openwizard/</source>
        <news>2022-12-01
- Remove requires import script.kodi.android.update
- Beta Wizard for Kodi 20 Nexus
- Default View changed from Icon to List
- Repo Auto Install changed to the main Repo address
- Change to addon.xml</news>
        <assets>
            <icon>icon.png</icon>
            <fanart>fanart.png</fanart>
        </assets>
		<license>GNU GENERAL PUBLIC LICENSE Version 3</license>
		<email></email>
		<website>https://n/</website>
    </extension>
</addon>
