<?xml version="1.0" encoding="UTF-8" standalone="yes"?>
<addon id="plugin.program.tom" name="TOM" version="1.0.4" provider-name="TOM">
  <requires>
    <import addon="xbmc.python" version="2.1.0"/>
	<import addon="script.kodi.loguploader"/>
	<import addon="script.module.requests"/>
  </requires>
  <extension point="xbmc.python.pluginsource" library="default.py">
    <provides>executable</provides>
  </extension>
  <extension point="xbmc.service" library="startup.py" start="startup" />
  <extension point="xbmc.addon.metadata">
    <summary lang="en">TOM Wizard</summary>
    <description lang="en">TOM Custom Builds.</description>
    <platform>all</platform>
  </extension>
</addon>
